Channel,Date,Weekday,Time,Length (sec),Programme,Cost,Fixed price (EUR)
Comedy Central,6/1/2026,Tue,18:30,10,Krüger sieht alles,41.60 €,
Comedy Central,6/1/2026,Tue,20:05,30,Hör mal wer da hämmert,118.40 €,
Comedy Central,6/1/2026,Tue,21:15,30,South Park,"1.184,00 €",
Comedy Central,6/1/2026,Tue,22:40,10,American Dad,38.70 €,
Comedy Central,8/1/2026,Thu,16:25,10,The Office,,13
Comedy Central,8/1/2026,Thu,21:10,10,Futurama,45.20 €,
Comedy-Central,8/1/2026,Thu,23:40,20,South Park,52.10 €,
Warner TV Comedy,6/1/2026,Tue,19:15,20,Two and a Half Men,58.30 €,
Warner TV Comedy,8/1/2026,Thu,19:40,20,Big Bang Theory,62.80 €,
Warner TV Comedy,8/1/2026,Thu,20:30,30,Family Guy,1.050 €,
Warner TV Comedy,8/1/2026,Thu,22:05,10,American Dad,34.90 €,
