Station,Date,Time,Break Code,Secs,Film,Programme,Cost (cents),Cost Net (cents),Currency, Audience
Comedy Central,06/01/2026,6:32:00 AM,01-10-06-01,10,Nuvio_DE_10s_AppPromo_V1,Friends - Season 3 - 7,3250,2763,EUR,
Comedy Central,06/01/2026,11:48:00 AM,01-10-11-01,20,Nuvio_DE_20s_AppPromo_V2,Seinfeld - Season 5 - 12,6100,5185,EUR,
Comedy Central,06/01/2026,3:10:00 PM,01-10-15-01,10,Nuvio_DE_10s_AppPromo_V1,The Office - Season 4 - 3,4520,3842,EUR,
Comedy Central,06/01/2026,8:05:00 PM,01-10-20-01,30,Nuvio_DE_30s_BrandSpot_V1,South Park - Season 22 - 4,11840,10064,EUR,12450
Warner TV Comedy,06/01/2026,7:20:00 AM,01-12-07-01,10,Nuvio_DE_10s_AppPromo_V1,American Dad - Season 4 - 2,2860,2431,EUR,
Warner TV Comedy,06/01/2026,1:45:00 PM,01-12-13-01,20,Nuvio_DE_20s_AppPromo_V2,Family Guy - Season 14 - 6,6280,5338,EUR,
Warner TV Comedy,06/01/2026,8:20:00 PM,01-12-20-01,20,Nuvio_DE_20s_AppPromo_V2,Two and a Half Men - Season 9 - 1,9530,8101,EUR,8720
Comedy Central,07/01/2026,1:32:00 AM,01-10-25-01,10,Nuvio_DE_10s_AppPromo_V1,South Park - Season 22 - 8,1420,1207,EUR,0
Comedy Central,07/01/2026,9:15:00 AM,01-10-09-01,10,Nuvio_DE_10s_AppPromo_V1,Friends - Season 3 - 9,3870,3290,EUR,
Comedy Central,07/01/2026,2:40:00 PM,01-10-14-01,20,Nuvio_DE_20s_AppPromo_V2,Seinfeld - Season 5 - 15,5310,4514,EUR,
Comedy Central,07/01/2026,7:55:00 PM,01-10-19-01,30,Nuvio_DE_30s_BrandSpot_V1,South Park - Season 23 - 1,14260,12121,EUR,15830
Warner TV Comedy,07/01/2026,8:00:00 AM,01-12-08-01,10,Nuvio_DE_10s_AppPromo_V1,American Dad - Season 5 - 3,2940,2499,EUR,
Warner TV Comedy,07/01/2026,12:05:00 PM,01-12-12-01,20,Nuvio_DE_20s_AppPromo_V2,Family Guy - Season 15 - 2,6480,5508,EUR,
Warner TV Comedy,07/01/2026,9:10:00 PM,01-12-21-01,20,Nuvio_DE_20s_AppPromo_V2,Big Bang Theory - Season 6 - 5,10870,9240,EUR,11260
Comedy Central,08/01/2026,7:20:00 AM,01-10-07-01,10,Nuvio_DE_10s_AppPromo_V1,Friends - Season 3 - 11,3490,2967,EUR,
Comedy Central,08/01/2026,11:50:00 AM,01-10-11-01,20,Nuvio_DE_20s_AppPromo_V2,Seinfeld - Season 6 - 2,5740,4879,EUR,
Comedy Central,08/01/2026,4:25:00 PM,01-10-16-01,10,Nuvio_DE_10s_AppPromo_V1,The Office - Season 5 - 1,4160,3536,EUR,
Comedy Central,08/01/2026,8:35:00 PM,01-10-20-01,30,Nuvio_DE_30s_BrandSpot_V1,South Park - Season 24 - 3,15620,13277,EUR,18940
Warner TV Comedy,08/01/2026,10:30:00 AM,01-12-10-01,10,Nuvio_DE_10s_AppPromo_V1,Family Guy - Season 15 - 4,3120,2652,EUR,
Warner TV Comedy,08/01/2026,3:15:00 PM,01-12-15-01,20,Nuvio_DE_20s_AppPromo_V2,American Dad - Season 5 - 7,6750,5738,EUR,
