Channel,Date,Time,Length,Gross,Discount %,Programme,Genre,Advertiser,Product,Creative
SRF 1,1/6/2026,06:35:22,10,11.22,15,Meteo,Information,Nuvio GmbH,Nuvio App,Creative (ID:200001)
SRF 1,1/6/2026,09:12:47,10,11.22,15,Kassensturz,Consumer,Nuvio GmbH,Nuvio App,Creative (ID:200001)
SRF 1,1/6/2026,14:08:54,10,11.22,15,Puls,Health,Nuvio GmbH,Nuvio App,Creative (ID:200002)
SRF zwei,1/6/2026,16:22:11,20,18.50,15,sportaktuell,Sport,Nuvio GmbH,Nuvio App,Creative (ID:200001)
SRF 1,1/6/2026,20:14:33,10,22.80,15,10 vor 10,News,Nuvio GmbH,Nuvio App,Creative (ID:200002)
SRF 1,1/6/2026,22:05:47,20,15.60,15,Tagesschau,News,Nuvio GmbH,Nuvio App,Creative (ID:200001)
SRF 1,1/7/2026,07:31:09,10,11.22,15,Glanz & Gloria,Entertainment,Nuvio GmbH,Nuvio App,Creative (ID:200001)
SRF zwei,1/7/2026,11:44:52,10,9.80,15,Super League,Sport,Nuvio GmbH,Nuvio App,Creative (ID:200002)
SRF 1,1/7/2026,15:27:43,20,20.10,15,Dok,Documentary,Nuvio GmbH,Nuvio App,Creative (ID:200002)
SRF 1,1/7/2026,17:39:18,10,19.50,15,Rundschau,News,Nuvio GmbH,Nuvio App,Creative (ID:200001)
SRF zwei,1/7/2026,19:52:04,20,32.40,20,Champions League,Sport,Nuvio GmbH,Nuvio App,Creative (ID:200002)
SRF 1,1/7/2026,21:47:29,10,18.30,15,Reporter,Documentary,Nuvio GmbH,Nuvio App,Creative (ID:200001)
SRF 1,1/8/2026,08:03:55,10,11.22,15,Einstein,Science,Nuvio GmbH,Nuvio App,Creative (ID:200002)
SRF 1,1/8/2026,10:22:17,10,10.70,15,Netz Natur,Documentary,Nuvio GmbH,Nuvio App,Creative (ID:200001)
SRF zwei,1/8/2026,13:48:06,20,24.60,15,Ski alpin,Sport,Nuvio GmbH,Nuvio App,Creative (ID:200002)
SRF 1,1/8/2026,16:11:42,10,13.40,15,Schweiz aktuell,News,Nuvio GmbH,Nuvio App,Creative (ID:200001)
SRF 1,1/8/2026,19:08:27,20,28.90,20,Arena,Politics,Nuvio GmbH,Nuvio App,Creative (ID:200002)
SRF 1,1/8/2026,22:32:51,10,32.50,15,Tagesschau,News,Nuvio GmbH,Nuvio App,Creative (ID:200001)
